{
    "ArrayOfString": [
        {
            "string": [
                "item1",
                "item2",
                "item3",
                "item4" 
            ] 
        },
        {
            "int": [
                "1710",
                "1711",
                {
                    "float": [
                        "1.6868688568",
                        {
                            "int": [
                                "1710",
                                "1711",
                                {
                                    "float": [
                                        "1.6868688568",
                                        {
                                            "string": [
                                                "item1",
                                                "item2",
                                                "item3",
                                                "item4" 
                                            ] 
                                        },
                                        "1.7537375713" 
                                    ] 
                                } 
                            ] 
                        },
                        "1.7537375713" 
                    ] 
                } 
            ] 
        },
        {
            "string": [
                "item1",
                "item2",
                "item3",
                "item4" 
            ] 
        } 
    ]
}