{
    "ArrayOfString": [
        {
            "string": [
                "item1",
                "item2",
                {
                    "morestrings": [
                        "item1",
                        "item2",
                        {
                            "morestrings": [
                                "item1",
                                "item2",
                                {
                                    "morestrings": [
                                        "item1",
                                        "item2",
                                        {
                                            "morestrings": [
                                                "item1",
                                                "item2",
                                                {
                                                    "morestrings": [
                                                        "item1",
                                                        "item2",
                                                        {
                                                            "morestrings": [
                                                                "item1",
                                                                "item2",
                                                                {
                                                                    "morestrings": [
                                                                        "item1",
                                                                        "item2",
                                                                        {
                                                                            "morestrings": [
                                                                                "item1",
                                                                                "item2",
                                                                                "item3",
                                                                                "item4" 
                                                                            ] 
                                                                        }
                                                                    ] 
                                                                }
                                                            ] 
                                                        }
                                                    ] 
                                                }
                                            ] 
                                        } 
                                    ] 
                                }
                            ] 
                        }
                    ] 
                }
            ] 
        }
    ]
}